﻿<?xml version="1.0" encoding="UTF-8" standalone="yes"?>
<!-- q2.xml -->
<!DOCTYPE movies [
<!ELEMENT movies (movie+)>
<!ELEMENT movie (title,year,type,colorinfos,editors,genres,keywords,languages,soundmixes,countries,certificates,releasedates,runningtimes,directors,producers,writers,composers,cast,plot,url?)>
<!ATTLIST movie id CDATA #REQUIRED>
<!ELEMENT title (#PCDATA)>
<!ELEMENT year (#PCDATA)>
<!ELEMENT type (#PCDATA)>
<!ELEMENT colorinfos (colorinfo+)>
<!ELEMENT colorinfo (#PCDATA)>
<!ELEMENT editors (editor+)>
<!ELEMENT editor (#PCDATA)>
<!ELEMENT genres (genre+)>
<!ELEMENT genre (#PCDATA)>
<!ELEMENT keywords (keyword+)>
<!ELEMENT keyword (#PCDATA)>
<!ELEMENT languages (language+)>
<!ELEMENT language (#PCDATA)>
<!ELEMENT soundmixes (soundmix+)>
<!ELEMENT soundmix (#PCDATA)>
<!ELEMENT countries (country+)>
<!ELEMENT country (#PCDATA)>
<!ELEMENT certificates (certificate+)>
<!ELEMENT certificate (#PCDATA)>
<!ATTLIST certificate country CDATA #REQUIRED>
<!ELEMENT releasedates (releasedate+)>
<!ELEMENT releasedate (#PCDATA)>
<!ATTLIST releasedate country CDATA #REQUIRED>
<!ELEMENT runningtimes (runningtime+)>
<!ELEMENT runningtime (#PCDATA)>
<!ATTLIST runningtime country CDATA #REQUIRED>
<!ELEMENT directors (director+)>
<!ELEMENT director (#PCDATA)>
<!ELEMENT producers (producer+)>
<!ELEMENT producer (#PCDATA)>
<!ELEMENT writers (writer+)>
<!ELEMENT writer (#PCDATA)>
<!ELEMENT composers (composer+)>
<!ELEMENT composer (#PCDATA)>
<!ELEMENT cast (credit+)>
<!ELEMENT credit (actor,role)>
<!ELEMENT actor (#PCDATA)>
<!ELEMENT role (#PCDATA)>
<!ELEMENT plot (#PCDATA)>
<!ELEMENT url (#PCDATA)>
]>
<movies>
<movie id = "397992">
  <title>No Country for Old Men</title>
  <year>2007</year>
  <type>movie</type>
  <colorinfos>
    <colorinfo>Color</colorinfo>
  </colorinfos>
  <editors>
    <editor>Coen, Ethan</editor>
    <editor>Coen, Joel</editor>
  </editors>
  <genres>
    <genre>Drama</genre>
    <genre>Thriller</genre>
    <genre>Western</genre>
    <genre>Crime</genre>
  </genres>
  <keywords>
    <keyword>compound-fracture</keyword>
    <keyword>west-texas</keyword>
    <keyword>contract-killer</keyword>
    <keyword>shotgun</keyword>
    <keyword>twist-in-the-end</keyword>
    <keyword>antelope</keyword>
    <keyword>captive-bolt-gun</keyword>
    <keyword>cab-driver</keyword>
    <keyword>death</keyword>
    <keyword>vietnam-veteran</keyword>
    <keyword>shoplifting</keyword>
    <keyword>sheriff</keyword>
    <keyword>vomit</keyword>
    <keyword>explosion</keyword>
    <keyword>hunting</keyword>
    <keyword>police</keyword>
    <keyword>uzi</keyword>
    <keyword>assassin</keyword>
    <keyword>blood</keyword>
    <keyword>mexican-american-border</keyword>
    <keyword>river</keyword>
    <keyword>welder</keyword>
    <keyword>1980s</keyword>
    <keyword>blood-spatter</keyword>
    <keyword>broken-arm</keyword>
    <keyword>drug-dealing</keyword>
    <keyword>burning-car</keyword>
    <keyword>gangster</keyword>
    <keyword>milk</keyword>
    <keyword>coin-flipping-in-the-air</keyword>
    <keyword>famous-line</keyword>
    <keyword>cat</keyword>
    <keyword>hit-by-car</keyword>
    <keyword>dream-sequence</keyword>
    <keyword>car-accident</keyword>
    <keyword>breaking-and-entering</keyword>
    <keyword>gunshot-wound</keyword>
    <keyword>hitman</keyword>
    <keyword>mounted-police</keyword>
    <keyword>bounty-hunter</keyword>
    <keyword>machine-gun</keyword>
    <keyword>escape</keyword>
    <keyword>shot-to-death</keyword>
    <keyword>based-on-novel</keyword>
    <keyword>deputy-sheriff</keyword>
    <keyword>shot-in-the-throat</keyword>
    <keyword>weapon</keyword>
    <keyword>deal-gone-wrong</keyword>
    <keyword>stolen-money</keyword>
    <keyword>shot-in-the-chest</keyword>
    <keyword>deputy</keyword>
    <keyword>chased-by-dog</keyword>
    <keyword>gun</keyword>
    <keyword>taxicab</keyword>
    <keyword>dog</keyword>
    <keyword>black-comedy</keyword>
    <keyword>voice-over-narration</keyword>
    <keyword>shot-in-the-back</keyword>
    <keyword>mariachi-band</keyword>
    <keyword>coin-toss</keyword>
    <keyword>shot-in-the-leg</keyword>
    <keyword>wwii-veteran</keyword>
    <keyword>gas-station</keyword>
    <keyword>dream</keyword>
    <keyword>killer</keyword>
    <keyword>tragedy</keyword>
    <keyword>hospital</keyword>
    <keyword>murder</keyword>
    <keyword>mother</keyword>
    <keyword>no-opening-credits</keyword>
    <keyword>war-veteran</keyword>
    <keyword>mexican</keyword>
    <keyword>drug-dealer</keyword>
    <keyword>satchel</keyword>
    <keyword>rifle</keyword>
    <keyword>vent</keyword>
    <keyword>sawed-off-shotgun</keyword>
    <keyword>shootout</keyword>
    <keyword>el-paso-texas</keyword>
    <keyword>pickup-truck</keyword>
    <keyword>shot-in-the-forehead</keyword>
    <keyword>strangulation</keyword>
    <keyword>air-vent</keyword>
    <keyword>bullet-wound</keyword>
    <keyword>pharmacy</keyword>
    <keyword>car-crash</keyword>
    <keyword>compressed-air-tank</keyword>
    <keyword>wound</keyword>
    <keyword>psychopath</keyword>
    <keyword>rio-grande</keyword>
    <keyword>mexico</keyword>
    <keyword>pistol</keyword>
    <keyword>exploding-car</keyword>
    <keyword>leg-wound</keyword>
    <keyword>cleaning-own-wound</keyword>
    <keyword>heroin</keyword>
    <keyword>telephone-call</keyword>
    <keyword>graphic-violence</keyword>
    <keyword>serial-killer</keyword>
    <keyword>innocent-bystander</keyword>
    <keyword>no-music</keyword>
    <keyword>violence</keyword>
    <keyword>husband-wife-relationship</keyword>
    <keyword>silenced-shotgun</keyword>
    <keyword>discovery</keyword>
    <keyword>chase</keyword>
    <keyword>cowboy-boots</keyword>
    <keyword>handgun</keyword>
    <keyword>police-investigation</keyword>
    <keyword>neo-western</keyword>
    <keyword>dog-killed</keyword>
    <keyword>corpse</keyword>
    <keyword>motel</keyword>
    <keyword>police-officer-killed</keyword>
    <keyword>jailbreak</keyword>
    <keyword>neo-noir</keyword>
    <keyword>greed</keyword>
    <keyword>money</keyword>
    <keyword>texas</keyword>
    <keyword>hidden-money</keyword>
    <keyword>air-duct</keyword>
    <keyword>auto-theft</keyword>
    <keyword>wet-jeans</keyword>
    <keyword>drug-deal</keyword>
    <keyword>trailer-home</keyword>
    <keyword>conscience</keyword>
    <keyword>retirement</keyword>
    <keyword>transmitter</keyword>
    <keyword>silencer</keyword>
    <keyword>desert</keyword>
  </keywords>
  <languages>
    <language>Spanish</language>
    <language>English</language>
  </languages>
  <soundmixes>
    <soundmix>SDDS</soundmix>
    <soundmix>DTS</soundmix>
    <soundmix>Dolby Digital</soundmix>
  </soundmixes>
  <countries>
    <country>USA</country>
  </countries>
  <certificates>
    <certificate country="Sweden">15</certificate>
    <certificate country="South Africa">16</certificate>
    <certificate country="Argentina">16</certificate>
    <certificate country="Portugal">M/18</certificate>
    <certificate country="Netherlands">16</certificate>
    <certificate country="Brazil">16</certificate>
    <certificate country="Japan">R-15</certificate>
    <certificate country="Israel">16</certificate>
    <certificate country="UK">15</certificate>
    <certificate country="Taiwan">R-18</certificate>
    <certificate country="Singapore">NC-16</certificate>
    <certificate country="Germany">16</certificate>
    <certificate country="France">-12</certificate>
    <certificate country="Malaysia">18PL</certificate>
    <certificate country="Hong Kong">IIB</certificate>
    <certificate country="Ireland">15A</certificate>
    <certificate country="Iceland">16</certificate>
    <certificate country="South Korea">18</certificate>
    <certificate country="Spain">18</certificate>
    <certificate country="Australia">MA</certificate>
    <certificate country="Switzerland">16</certificate>
    <certificate country="Norway">15</certificate>
    <certificate country="Canada">18A</certificate>
    <certificate country="Finland">K-15</certificate>
    <certificate country="Austria">16</certificate>
    <certificate country="Philippines">R-13</certificate>
    <certificate country="Italy">VM14</certificate>
    <certificate country="New Zealand">R16</certificate>
    <certificate country="USA">R</certificate>
    <certificate country="Denmark">15</certificate>
  </certificates>
  <releasedates>
    <releasedate country="Sweden">29 February 2008</releasedate>
    <releasedate country="Indonesia">9 December 2007</releasedate>
    <releasedate country="Argentina">6 March 2008</releasedate>
    <releasedate country="Portugal">28 February 2008</releasedate>
    <releasedate country="Latvia">8 February 2008</releasedate>
    <releasedate country="Turkey">7 March 2008</releasedate>
    <releasedate country="Netherlands">14 February 2008</releasedate>
    <releasedate country="Brazil">1 February 2008</releasedate>
    <releasedate country="Japan">15 March 2008</releasedate>
    <releasedate country="Croatia">7 February 2008</releasedate>
    <releasedate country="Israel">24 January 2008</releasedate>
    <releasedate country="UK">18 January 2008</releasedate>
    <releasedate country="Bulgaria">22 February 2008</releasedate>
    <releasedate country="Lebanon">13 March 2008</releasedate>
    <releasedate country="Singapore">14 February 2008</releasedate>
    <releasedate country="Romania">29 February 2008</releasedate>
    <releasedate country="Greece">6 March 2008</releasedate>
    <releasedate country="Germany">28 February 2008</releasedate>
    <releasedate country="Belgium">23 January 2008</releasedate>
    <releasedate country="France">23 January 2008</releasedate>
    <releasedate country="Panama">14 February 2008</releasedate>
    <releasedate country="Hungary">6 March 2008</releasedate>
    <releasedate country="Hong Kong">21 February 2008</releasedate>
    <releasedate country="Estonia">8 February 2008</releasedate>
    <releasedate country="Czech Republic">28 February 2008</releasedate>
    <releasedate country="Iceland">8 February 2008</releasedate>
    <releasedate country="Mexico">8 February 2008</releasedate>
    <releasedate country="Slovakia">28 February 2008</releasedate>
    <releasedate country="South Korea">21 February 2008</releasedate>
    <releasedate country="Poland">15 February 2008</releasedate>
    <releasedate country="Spain">8 February 2008</releasedate>
    <releasedate country="Egypt">2 April 2008</releasedate>
    <releasedate country="Australia">26 December 2007</releasedate>
    <releasedate country="Norway">29 February 2008</releasedate>
    <releasedate country="Canada">8 September 2007</releasedate>
    <releasedate country="Russia">31 January 2008</releasedate>
    <releasedate country="Finland">15 February 2008</releasedate>
    <releasedate country="Kazakhstan">31 January 2008</releasedate>
    <releasedate country="Austria">25 October 2007</releasedate>
    <releasedate country="Philippines">9 April 2008</releasedate>
    <releasedate country="Italy">22 February 2008</releasedate>
    <releasedate country="Colombia">15 February 2008</releasedate>
    <releasedate country="USA">21 November 2007</releasedate>
    <releasedate country="Kuwait">28 February 2008</releasedate>
    <releasedate country="Venezuela">22 February 2008</releasedate>
    <releasedate country="Denmark">7 March 2008</releasedate>
  </releasedates>
  <runningtimes>
    <runningtime country="default">122</runningtime>
  </runningtimes>
  <directors>
    <director>Coen, Ethan</director>
    <director>Coen, Joel</director>
  </directors>
  <producers>
    <producer>Diliberto, David</producer>
    <producer>Graf, Robert (II)</producer>
    <producer>Roybal, Mark</producer>
    <producer>Coen, Ethan</producer>
    <producer>Coen, Joel</producer>
    <producer>Rudin, Scott</producer>
  </producers>
  <writers>
    <writer>Coen, Ethan</writer>
    <writer>Coen, Joel</writer>
    <writer>McCarthy, Cormac</writer>
  </writers>
  <composers>
    <composer>Burwell, Carter (I)</composer>
  </composers>
  <cast>
    <credit>
      <actor>Adelo, George</actor>
      <role>Mexican in Bathtub</role>
    </credit>
    <credit>
      <actor>Alvarado Jr., Angel H.</actor>
      <role>Norteño Band</role>
    </credit>
    <credit>
      <actor>Antonio Garcia, Eduardo</actor>
      <role>'Agua' Man</role>
    </credit>
    <credit>
      <actor>Bardem, Javier</actor>
      <role>Anton Chigurh</role>
    </credit>
    <credit>
      <actor>Bentham, Philip</actor>
      <role>Border Bridge Youth #1</role>
    </credit>
    <credit>
      <actor>Blaylock, Josh (I)</actor>
      <role>Boy on Bike #1</role>
    </credit>
    <credit>
      <actor>Bowman, Margaret</actor>
      <role>Del Rio Motel Clerk</role>
    </credit>
    <credit>
      <actor>Boyce, Rodger</actor>
      <role>Sheriff Roscoe Giddens</role>
    </credit>
    <credit>
      <actor>Brolin, Josh</actor>
      <role>Llewelyn Moss</role>
    </credit>
    <credit>
      <actor>Corbin, Barry</actor>
      <role>Ellis</role>
    </credit>
    <credit>
      <actor>Cravens, Rutherford</actor>
      <role>Gun Store Clerk</role>
    </credit>
    <credit>
      <actor>Dillahunt, Garret</actor>
      <role>Deputy Wendell</role>
    </credit>
    <credit>
      <actor>Douglas, Jason (IV)</actor>
      <role>Cabbie at Motel</role>
    </credit>
    <credit>
      <actor>Flick, Scott</actor>
      <role>Cab Driver</role>
    </credit>
    <credit>
      <actor>Gomez, David A.</actor>
      <role>Norteño Band</role>
    </credit>
    <credit>
      <actor>Grant, Beth</actor>
      <role>Carla Jean's Mother</role>
    </credit>
    <credit>
      <actor>Greer, Mathew</actor>
      <role>Hitchhiking Driver</role>
    </credit>
    <credit>
      <actor>Gwin, Kit</actor>
      <role>Sheriff Bell's Secretary</role>
    </credit>
    <credit>
      <actor>Hargrave, Doris</actor>
      <role>Waitress</role>
    </credit>
    <credit>
      <actor>Harper, Tess</actor>
      <role>Loretta Bell</role>
    </credit>
    <credit>
      <actor>Harrelson, Woody</actor>
      <role>Carson Wells</role>
    </credit>
    <credit>
      <actor>Hector, Johnnie</actor>
      <role>Cabbie at Bus Station</role>
    </credit>
    <credit>
      <actor>Hernandez, Milton (II)</actor>
      <role>Norteño Band</role>
    </credit>
    <credit>
      <actor>Hopkins, Zach</actor>
      <role>Strangled Deputy</role>
    </credit>
    <credit>
      <actor>Jackson, Richard (VII)</actor>
      <role>Chicken Farmer</role>
    </credit>
    <credit>
      <actor>Jones, Caleb (II)</actor>
      <role>Boy on Bike #2</role>
    </credit>
    <credit>
      <actor>Jones, Gene (I)</actor>
      <role>Gas Station Proprietor</role>
    </credit>
    <credit>
      <actor>Jones, Tommy Lee</actor>
      <role>Sheriff Ed Tom Bell</role>
    </credit>
    <credit>
      <actor>Kopache, Thomas</actor>
      <role>Boot Salesman</role>
    </credit>
    <credit>
      <actor>Lamkin, Kathy</actor>
      <role>Desert Aire Manager</role>
    </credit>
    <credit>
      <actor>Love, Chip</actor>
      <role>Man in Ford</role>
    </credit>
    <credit>
      <actor>Macdonald, Kelly</actor>
      <role>Carla Jean Moss</role>
    </credit>
    <credit>
      <actor>Mancha, John</actor>
      <role>Norteño Band</role>
    </credit>
    <credit>
      <actor>Meyer, Josh (III)</actor>
      <role>Border Bridge Youth #3</role>
    </credit>
    <credit>
      <actor>Miles, Marc</actor>
      <role>Hotel Eagle Clerk</role>
    </credit>
    <credit>
      <actor>Moore, Trent</actor>
      <role>Nervous Accountant</role>
    </credit>
    <credit>
      <actor>Posey, Matthew</actor>
      <role>Sporting Goods Clerk</role>
    </credit>
    <credit>
      <actor>Rains, Luce</actor>
      <role>Pickup Driver</role>
    </credit>
    <credit>
      <actor>Ray, Dorsey</actor>
      <role>Odessa Cabbie</role>
    </credit>
    <credit>
      <actor>Reeves, Eric (II)</actor>
      <role>Border Bridge Youth #2</role>
    </credit>
    <credit>
      <actor>Root, Stephen (I)</actor>
      <role>Man who hires Wells</role>
    </credit>
    <credit>
      <actor>Smith, Brandon (I)</actor>
      <role>INS Official</role>
    </credit>
    <credit>
      <actor>Southerland, Boots</actor>
      <role>'Managerial' Victim #2</role>
    </credit>
    <credit>
      <actor>Uribe, Roland</actor>
      <role>Well Dressed Mexican</role>
    </credit>
    <credit>
      <actor>Warner, Chris (IV)</actor>
      <role>Flatbed Driver</role>
    </credit>
    <credit>
      <actor>Watford, Myk</actor>
      <role>'Managerial' Victim #1</role>
    </credit>
  </cast>
<plot>In rural Texas, welder and hunter Llewelyn Moss discovers the remains of several drug runners who have all killed each other in an exchange gone violently wrong. Rather than report the discovery to the police, Moss decides to simply take the two million dollars present for himself. This puts the psychopathic killer, Anton Chigurh, on his trail as he dispassionately murders nearly every rival, bystander and even employer in his pursuit of his quarry and the money. As Moss desperately attempts to keep one step ahead, the blood from this hunt begins to flow behind him with relentlessly growing intensity as Chigurh closes in. Meanwhile, the laconic Sherrif Ed Tom Bell blithely oversees the investigation even as he struggles to face the sheer enormity of the crimes he is attempting to thwart.</plot>
<url>http://localhost:8983/solr/movie.html?397992</url>
</movie>
</movies>
